item_name,unit_price,unit,description
"110 Patch Panel","55.00","","Telephone Patch Panel"
"30 Day late Fee","10.00","","30 Day late Fee"
"Activate SpamExperts Email Filtering: covelaw.com","2.99","",
"Cat 3 Telephone","42.00","","cat 3 wiring"
"Cat 3 Telephone","3.75","","Levitan Inserts"
"Cat 5 24 Port Patch Panel","110.00","","Patch Panel"
"cat 5 wiring","60.00","",
"Dell all-n1","450.00","","Dell - Inspiron 21.5"" Touch-Screen All-In-One - AMD A6-Series - 4GB Memory - 1TB Hard Drive - Black"
"Elite Pos","49.00","month","Essentials $49/Store/Month Unlimited Customers Unlimited Staff Accounts Unlimited Stations Unlimited SMS Support via Ticketing System and Knowledgebase Invoicing and Billing Customer Mobile App Racking Cash Management Customer Management Time card Dry Cleaning, Laundry, Alterations, Shoe Repair, & Retail"
"Email Campaign","100.00","","Email Campaign/upload 10k address/verify"
"Email Hosting bluehost","5.99","","Mail hosting"
"Face Plates","2.50","","2 Port Face Plates"
"LENOVO","500.00","","Lenovo - IdeaCentre A340-22IGM 21.5"" Touch-Screen All-In-One - Intel Pentium Silver - 4GB Memory - 1TB Hard Drive - Black"
"Levitan Cat 5","5.00","","Catagory 5 Inserts"
"Malwarebytes Business","39.00","","Malwarebytes Discounted"
"On-site Consulting","125.00","","On Site Service and Consulting"
"patch panel rack holder","37.00","","Patch Panel holder"
"Remote Consulting","150.00","","Off Site Consulting Remote Control"
"Remote Scan Client","453.00","","Remote Scanning Client from Quest"
"Remote Scan Maintenance per year","91.00","year","REMOTESCAN ENTERPRISE PER CONNECTED CLIENT MAINTENANCE RENEWAL"
"Remote Scan Maintenance per year","48.00","year","REMOTESCAN ENTERPRISE PER CONNECTED CLIENT (2-19 CONNECTED CLIENT) MAINTENANCE RENEWAL"
"Setup Fees POS","250.00","","Setup Fee: $250 (Includes importing customers and price list, staff training session, hardware and payment integration setup, and basic customization.)"
"Star Printer TSP650","240.00","","https://posguys.com/receipt-pos-printer_12/Star-Micronics-TSP650II_2547USB"
"TeamViewer Ver 15","3054.00","","TeamViewer License for 200 Manage Devices, 3 concurrent"
"Windows 11 Pro Upgrade","99.00","","Windows 11 Pro Upgrade from Microsoft Store"
